{
  "T1_email_campaign1": 5315.249488587053,
  "T2_email_campaign2": -1255.8805916786202,
  "email_campaign1": -5905.614038022105,
  "email_campaign2": 1507.333255447953,
  "T4_email_campaign1_and_2": -11726.104856879303,
  "T5_email_campaign1_and_phone_call": -3549.05161613195,
  "T6_email_campaign2_and_phone_call": 6617.309370471538
}