{
  "T1_email_campaign1": 4369.777010354573,
  "T2_email_campaign2": -2262.367275855732,
  "email_campaign1": -4854.54365222947,
  "email_campaign2": 2717.210558454778,
  "T4_email_campaign1_and_2": -11751.462557382973,
  "T5_email_campaign1_and_phone_call": -3539.3192030805976,
  "T6_email_campaign2_and_phone_call": 6599.017196284125
}