{
  "T1_email_campaign1": 5339.967309252756,
  "T2_email_campaign2": -1252.4684390881923,
  "email_campaign1": -5933.094190624287,
  "email_campaign2": 1503.2410942894053,
  "T4_email_campaign1_and_2": -11750.887699823084,
  "T5_email_campaign1_and_phone_call": -3523.8853184610216,
  "T6_email_campaign2_and_phone_call": 6601.767393831608
}