{
  "T1_email_campaign1": -11995.305836817293,
  "T2_email_campaign2": 2196.420762538543,
  "email_campaign1": 13328.17436534473,
  "email_campaign2": -2637.960998929967,
  "T4_email_campaign1_and_2": -11725.457002955538,
  "T5_email_campaign1_and_phone_call": -3538.385667742972,
  "T6_email_campaign2_and_phone_call": 6611.075674431744
}